site,1,2,3,4,5,6,7,8,9,10,11,12,13,14,15,16,17,18,19,20,21,22,23,24,25,26,27,28,29,30,31,32,33,34,35,36,37,38,39,40,41,42,43,44,45,46,47,48,49,50,51,52,53,54,55,56,57,58,59,60,61,62,63,64,65,66,67,68,69,70,71,72,73,74,75,76,77,78,79,80,81,82,83,84,85,86,87,88,89,90,91,92,93,94,95,96,97,98,99,100,101,102,103,104,105,106,107,108,109,110,111,112,113,114,115,116,117,118,119,120,121
076361,-1,-1,-1,-1,-1,-1,-1,-1,-1,-1,-1,-1,-1,-1,-1,-1,-1,-1,-1,-1,-1,-1,-1,-1,-1,-1,-1,-1,-1,-1,-1,-1,-1,-1,-1,-1,-1,-1,-1,-1,-1,-1,-1,-1,-1,-1,-1,-1,-1,-1,-1,-1,-1,-1,-1,-1,-1,-1,0,1,2,3,4,0,1,2,3,0,1,2,3,0,1,2,3,4,0,1,2,0,1,2,3,0,1,2,3,4,5,6,7,8,9,10,11,12,13,14,15,16,17,18,19,20,21,22,23,24,25,0,1,2,3,4,0,1,2,3,0,1,2
081090,-1,-1,-1,-1,-1,-1,-1,-1,-1,-1,-1,-1,-1,-1,-1,-1,-1,-1,-1,-1,-1,-1,-1,-1,-1,-1,-1,-1,-1,-1,-1,-1,-1,-1,-1,-1,-1,-1,-1,-1,-1,-1,-1,-1,-1,-1,-1,-1,-1,-1,-1,-1,-1,-1,-1,-1,-1,-1,-1,0,1,2,3,4,0,1,2,0,1,2,3,0,1,2,3,0,1,2,3,4,5,0,1,2,3,0,1,2,3,4,5,6,7,8,9,10,11,12,13,14,15,16,17,18,0,1,2,3,4,0,1,2,3,4,0,1,2,3,0,1,2
114121,-1,-1,-1,-1,-1,-1,-1,-1,-1,-1,-1,-1,-1,-1,-1,-1,-1,-1,-1,-1,-1,-1,-1,-1,-1,-1,-1,-1,-1,-1,-1,-1,-1,-1,-1,-1,-1,-1,-1,-1,-1,-1,-1,-1,-1,-1,-1,-1,-1,-1,-1,-1,-1,-1,-1,-1,-1,-1,-1,0,1,2,0,1,2,3,4,0,1,2,3,0,1,2,3,0,1,2,3,4,5,0,1,2,3,0,1,2,3,4,5,6,7,8,9,10,11,12,13,14,15,16,17,18,19,20,21,22,23,0,1,2,3,4,0,1,2,3,0,1,2
123545,-1,-1,-1,-1,-1,-1,-1,-1,-1,-1,-1,-1,-1,-1,-1,-1,-1,-1,-1,-1,-1,-1,-1,-1,-1,-1,-1,-1,-1,-1,-1,-1,-1,-1,-1,-1,-1,-1,-1,-1,-1,-1,-1,-1,-1,-1,-1,-1,-1,-1,-1,-1,-1,-1,-1,-1,-1,-1,0,1,2,3,4,0,1,2,3,0,1,2,3,0,1,2,3,4,0,1,2,0,1,2,3,0,1,2,3,4,5,6,7,8,9,10,11,12,13,14,15,16,17,18,19,20,21,22,23,24,25,0,1,2,3,4,0,1,2,3,0,1,2
124031,-1,-1,-1,-1,-1,-1,-1,-1,-1,-1,-1,-1,-1,-1,-1,-1,-1,-1,-1,-1,-1,-1,-1,-1,-1,-1,-1,-1,-1,-1,-1,-1,-1,-1,-1,-1,-1,-1,-1,-1,-1,-1,-1,-1,-1,-1,-1,-1,-1,-1,-1,-1,-1,-1,-1,-1,-1,-1,-1,0,1,2,0,1,2,3,4,0,1,2,3,0,1,2,3,0,1,2,3,4,5,0,1,2,3,0,1,2,3,4,5,6,7,8,9,10,11,12,13,14,15,16,17,18,19,20,21,22,23,0,1,2,3,4,0,1,2,3,0,1,2
128101,-1,-1,-1,-1,-1,-1,-1,-1,-1,-1,-1,-1,-1,-1,-1,-1,-1,-1,-1,-1,-1,-1,-1,-1,-1,-1,-1,-1,-1,-1,-1,-1,-1,-1,-1,-1,-1,-1,-1,-1,-1,-1,-1,-1,-1,-1,-1,-1,-1,-1,-1,-1,-1,-1,-1,-1,-1,-1,0,1,2,3,0,1,2,3,4,0,1,2,0,1,2,3,4,5,0,1,2,3,0,1,2,0,1,2,3,4,0,1,2,3,0,1,2,3,4,5,6,7,8,9,10,11,12,13,14,15,16,17,18,0,1,2,3,0,1,2,3,0,1
129276,-1,-1,-1,-1,-1,-1,-1,-1,-1,-1,-1,-1,-1,-1,-1,-1,-1,-1,-1,-1,-1,-1,-1,-1,-1,-1,-1,-1,-1,-1,-1,-1,-1,-1,-1,-1,-1,-1,-1,-1,-1,-1,-1,-1,-1,-1,-1,-1,-1,-1,-1,-1,-1,-1,-1,-1,-1,-1,-1,0,1,2,0,1,2,3,4,0,1,2,3,0,1,2,3,0,1,2,3,4,5,0,1,2,3,0,1,2,3,4,5,6,7,8,9,10,11,12,13,14,15,16,17,18,0,1,2,3,4,0,1,2,3,4,0,1,2,3,0,1,2
130101,-1,-1,-1,-1,-1,-1,-1,-1,-1,-1,-1,-1,-1,-1,-1,-1,-1,-1,-1,-1,-1,-1,-1,-1,-1,-1,-1,-1,-1,-1,-1,-1,-1,-1,-1,-1,-1,-1,-1,-1,-1,-1,-1,-1,-1,-1,-1,-1,-1,-1,-1,-1,-1,-1,-1,-1,-1,-1,0,1,2,3,0,1,2,3,4,0,1,2,0,1,2,3,4,5,0,1,2,3,0,1,2,0,1,2,3,4,5,6,7,8,9,10,11,12,13,14,15,16,17,18,19,20,21,22,23,24,25,26,27,0,1,2,3,0,1,2,3,0,1
130102,-1,-1,-1,-1,-1,-1,-1,-1,-1,-1,-1,-1,-1,-1,-1,-1,-1,-1,-1,-1,-1,-1,-1,-1,-1,-1,-1,-1,-1,-1,-1,-1,-1,-1,-1,-1,-1,-1,-1,-1,-1,-1,-1,-1,-1,-1,-1,-1,-1,-1,-1,-1,-1,-1,-1,-1,-1,-1,0,1,2,3,0,1,2,3,4,0,1,2,0,1,2,3,4,5,0,1,2,3,0,1,2,0,1,2,3,4,0,1,2,3,0,1,2,3,4,5,6,7,8,9,10,11,12,13,14,15,16,17,18,0,1,2,3,0,1,2,3,0,1
131067,-1,-1,-1,-1,-1,-1,-1,-1,-1,-1,-1,-1,-1,-1,-1,-1,-1,-1,-1,-1,-1,-1,-1,-1,-1,-1,-1,-1,-1,-1,-1,-1,-1,-1,-1,-1,-1,-1,-1,-1,-1,-1,-1,-1,-1,-1,-1,-1,-1,-1,-1,-1,-1,-1,-1,-1,-1,-1,0,1,2,3,4,0,1,2,3,0,1,2,3,0,1,2,3,4,0,1,2,0,1,2,3,4,0,1,2,3,0,1,2,3,0,1,2,3,4,5,6,7,8,9,10,11,0,1,2,3,4,0,1,2,3,4,0,1,2,3,0,1,2
134101,-1,-1,-1,-1,-1,-1,-1,-1,-1,-1,-1,-1,-1,-1,-1,-1,-1,-1,-1,-1,-1,-1,-1,-1,-1,-1,-1,-1,-1,-1,-1,-1,-1,-1,-1,-1,-1,-1,-1,-1,-1,-1,-1,-1,-1,-1,-1,-1,-1,-1,-1,-1,-1,-1,-1,-1,-1,-1,0,1,2,3,0,1,2,3,4,0,1,2,0,1,2,3,4,5,0,1,2,3,0,1,2,0,1,2,3,4,0,1,2,3,0,1,2,3,4,5,6,7,8,9,10,11,12,13,14,15,16,17,18,0,1,2,3,0,1,2,3,0,1
135431,-1,-1,-1,-1,-1,-1,-1,-1,-1,-1,-1,-1,-1,-1,-1,-1,-1,-1,-1,-1,-1,-1,-1,-1,-1,-1,-1,-1,-1,-1,-1,-1,-1,-1,-1,-1,-1,-1,-1,-1,-1,-1,-1,-1,-1,-1,-1,-1,-1,-1,-1,-1,-1,-1,-1,-1,-1,-1,-1,0,1,2,0,1,2,3,4,0,1,2,3,0,1,2,3,0,1,2,3,4,5,0,1,2,3,0,1,2,3,4,5,6,7,8,9,10,11,12,13,14,15,16,17,18,0,1,2,3,4,0,1,2,3,4,0,1,2,3,0,1,2
146764,-1,-1,-1,-1,-1,-1,-1,-1,-1,-1,-1,-1,-1,-1,-1,-1,-1,-1,-1,-1,-1,-1,-1,-1,-1,-1,-1,-1,-1,-1,-1,-1,-1,-1,-1,-1,-1,-1,-1,-1,-1,-1,-1,-1,-1,-1,-1,-1,-1,-1,-1,-1,-1,-1,-1,-1,-1,-1,-1,0,1,2,0,1,2,3,4,0,1,2,3,4,5,6,7,0,1,2,3,4,5,0,1,2,3,0,1,2,0,1,2,3,4,5,6,7,8,9,10,11,12,13,14,15,0,1,2,3,4,0,1,2,3,4,0,1,2,3,0,1,2
150732,-1,-1,-1,-1,-1,-1,-1,-1,-1,-1,-1,-1,-1,-1,-1,-1,-1,-1,-1,-1,-1,-1,-1,-1,-1,-1,-1,-1,-1,-1,-1,-1,-1,-1,-1,-1,-1,-1,-1,-1,-1,-1,-1,-1,-1,-1,-1,-1,-1,-1,-1,-1,-1,-1,-1,-1,-1,-1,-1,0,1,2,0,1,2,3,4,0,1,2,3,0,1,2,3,4,0,1,2,0,1,2,3,4,0,1,2,3,0,1,2,3,4,5,6,7,8,9,10,11,12,13,14,15,16,0,1,2,3,0,1,2,3,4,0,1,2,3,0,1,2
150801,-1,-1,-1,-1,-1,-1,-1,-1,-1,-1,-1,-1,-1,-1,-1,-1,-1,-1,-1,-1,-1,-1,-1,-1,-1,-1,-1,-1,-1,-1,-1,-1,-1,-1,-1,-1,-1,-1,-1,-1,-1,-1,-1,-1,-1,-1,-1,-1,-1,-1,-1,-1,-1,-1,-1,-1,-1,-1,-1,0,1,2,0,1,2,3,4,0,1,2,3,0,1,2,3,0,1,2,3,4,5,0,1,2,3,0,1,2,3,4,5,6,7,8,9,10,11,12,13,14,15,16,17,18,0,1,2,3,4,0,1,2,3,4,0,1,2,3,0,1,2
150802,-1,-1,-1,-1,-1,-1,-1,-1,-1,-1,-1,-1,-1,-1,-1,-1,-1,-1,-1,-1,-1,-1,-1,-1,-1,-1,-1,-1,-1,-1,-1,-1,-1,-1,-1,-1,-1,-1,-1,-1,-1,-1,-1,-1,-1,-1,-1,-1,-1,-1,-1,-1,-1,-1,-1,-1,-1,-1,-1,0,1,2,0,1,2,3,4,0,1,2,3,0,1,2,3,0,1,2,3,4,5,0,1,2,3,0,1,2,3,4,5,6,7,8,9,10,11,12,13,14,15,16,17,18,0,1,2,3,4,0,1,2,3,4,0,1,2,3,0,1,2
155365,-1,-1,-1,-1,-1,-1,-1,-1,-1,-1,-1,-1,-1,-1,-1,-1,-1,-1,-1,-1,-1,-1,-1,-1,-1,-1,-1,-1,-1,-1,-1,-1,-1,-1,-1,-1,-1,-1,-1,-1,-1,-1,-1,-1,-1,-1,-1,-1,-1,-1,-1,-1,-1,-1,-1,-1,-1,-1,0,1,2,3,4,0,1,2,3,0,1,2,3,0,1,2,3,4,0,1,2,0,1,2,3,0,1,2,3,4,5,6,7,8,9,10,11,12,13,14,15,16,17,18,19,20,21,22,23,24,25,0,1,2,3,4,0,1,2,3,0,1,2
159408,-1,-1,-1,-1,-1,-1,-1,-1,-1,-1,-1,-1,-1,-1,-1,-1,-1,-1,-1,-1,-1,-1,-1,-1,-1,-1,-1,-1,-1,-1,-1,-1,-1,-1,-1,-1,-1,-1,-1,-1,-1,-1,-1,-1,-1,-1,-1,-1,-1,-1,-1,-1,-1,-1,-1,-1,-1,-1,0,1,2,3,4,0,1,2,3,0,1,2,3,0,1,2,3,4,0,1,2,0,1,2,3,0,1,2,3,4,5,6,7,8,9,10,11,12,13,14,15,16,17,18,19,20,21,22,23,24,25,0,1,2,3,4,0,1,2,3,0,1,2
161191,-1,-1,-1,-1,-1,-1,-1,-1,-1,-1,-1,-1,-1,-1,-1,-1,-1,-1,-1,-1,-1,-1,-1,-1,-1,-1,-1,-1,-1,-1,-1,-1,-1,-1,-1,-1,-1,-1,-1,-1,-1,-1,-1,-1,-1,-1,-1,-1,-1,-1,-1,-1,-1,-1,-1,-1,-1,-1,-1,0,1,2,3,4,0,1,2,0,1,2,3,0,1,2,3,0,1,2,3,4,5,0,1,2,3,0,1,2,0,1,2,3,4,5,6,7,8,9,10,11,12,13,14,15,0,1,2,3,4,0,1,2,3,4,0,1,2,3,0,1,2
179439,-1,-1,-1,-1,-1,-1,-1,-1,-1,-1,-1,-1,-1,-1,-1,-1,-1,-1,-1,-1,-1,-1,-1,-1,-1,-1,-1,-1,-1,-1,-1,-1,-1,-1,-1,-1,-1,-1,-1,-1,-1,-1,-1,-1,-1,-1,-1,-1,-1,-1,-1,-1,-1,-1,-1,-1,-1,-1,-1,0,1,2,3,4,0,1,2,0,1,2,3,0,1,2,3,0,1,2,3,4,5,0,1,2,3,0,1,2,0,1,2,3,4,5,6,7,8,9,10,11,12,13,14,15,0,1,2,3,4,0,1,2,3,4,0,1,2,3,0,1,2
207746,-1,-1,-1,-1,-1,-1,-1,-1,-1,-1,-1,-1,-1,-1,-1,-1,-1,-1,-1,-1,-1,-1,-1,-1,-1,-1,-1,-1,-1,-1,-1,-1,-1,-1,-1,-1,-1,-1,-1,-1,-1,-1,-1,-1,-1,-1,-1,-1,-1,-1,-1,-1,-1,-1,-1,-1,-1,-1,0,1,2,3,4,0,1,2,3,0,1,2,3,0,1,2,3,4,0,1,2,0,1,2,3,0,1,2,3,4,0,1,2,3,4,5,6,7,8,9,10,11,12,13,14,15,0,1,2,3,4,0,1,2,3,4,0,1,2,3,0,1,2
217961,-1,-1,-1,-1,-1,-1,-1,-1,-1,-1,-1,-1,-1,-1,-1,-1,-1,-1,-1,-1,-1,-1,-1,-1,-1,-1,-1,-1,-1,-1,-1,-1,-1,-1,-1,-1,-1,-1,-1,-1,-1,-1,-1,-1,-1,-1,-1,-1,-1,-1,-1,-1,-1,-1,-1,-1,-1,-1,0,1,2,3,4,0,1,2,3,0,1,2,3,0,1,2,3,4,0,1,2,0,1,2,3,0,1,2,3,4,5,6,7,8,9,10,11,12,13,14,15,16,17,18,19,20,21,0,1,2,3,0,1,2,3,4,0,1,2,3,0,1,2
248762,-1,-1,-1,-1,-1,-1,-1,-1,-1,-1,-1,-1,-1,-1,-1,-1,-1,-1,-1,-1,-1,-1,-1,-1,-1,-1,-1,-1,-1,-1,-1,-1,-1,-1,-1,-1,-1,-1,-1,-1,-1,-1,-1,-1,-1,-1,-1,-1,-1,-1,-1,-1,-1,-1,-1,-1,-1,-1,-1,0,1,2,0,1,2,3,4,0,1,2,3,0,1,2,3,0,1,2,3,4,5,0,1,2,3,0,1,2,0,1,2,3,4,5,6,7,8,9,10,11,12,13,14,15,0,1,2,3,4,0,1,2,3,4,5,6,7,8,0,1,2
252447,-1,-1,-1,-1,-1,-1,-1,-1,-1,-1,-1,-1,-1,-1,-1,-1,-1,-1,-1,-1,-1,-1,-1,-1,-1,-1,-1,-1,-1,-1,-1,-1,-1,-1,-1,-1,-1,-1,-1,-1,-1,-1,-1,-1,-1,-1,-1,-1,-1,-1,-1,-1,-1,-1,-1,-1,-1,-1,0,1,2,3,0,1,2,3,4,0,1,2,0,1,2,3,4,5,0,1,2,3,0,1,2,0,1,2,3,4,0,1,2,3,0,1,2,3,4,5,6,7,8,9,10,11,12,13,14,15,16,17,18,0,1,2,3,0,1,2,3,0,1
257002,-1,-1,-1,-1,-1,-1,-1,-1,-1,-1,-1,-1,-1,-1,-1,-1,-1,-1,-1,-1,-1,-1,-1,-1,-1,-1,-1,-1,-1,-1,-1,-1,-1,-1,-1,-1,-1,-1,-1,-1,-1,-1,-1,-1,-1,-1,-1,-1,-1,-1,-1,-1,-1,-1,-1,-1,-1,-1,-1,0,1,2,0,1,2,3,4,0,1,2,3,0,1,2,3,4,0,1,2,0,1,2,3,4,0,1,2,3,0,1,2,3,0,1,2,3,4,5,6,7,8,9,10,11,0,1,2,3,4,0,1,2,3,4,0,1,2,3,0,1,2
258173,-1,-1,-1,-1,-1,-1,-1,-1,-1,-1,-1,-1,-1,-1,-1,-1,-1,-1,-1,-1,-1,-1,-1,-1,-1,-1,-1,-1,-1,-1,-1,-1,-1,-1,-1,-1,-1,-1,-1,-1,-1,-1,-1,-1,-1,-1,-1,-1,-1,-1,-1,-1,-1,-1,-1,-1,-1,-1,-1,0,1,2,0,1,2,3,4,0,1,2,3,4,5,6,7,0,1,2,3,4,5,0,1,2,3,0,1,2,3,4,5,6,7,8,9,10,11,12,13,14,15,16,17,18,0,1,2,3,4,0,1,2,3,4,0,1,2,3,0,1,2
268355,-1,-1,-1,-1,-1,-1,-1,-1,-1,-1,-1,-1,-1,-1,-1,-1,-1,-1,-1,-1,-1,-1,-1,-1,-1,-1,-1,-1,-1,-1,-1,-1,-1,-1,-1,-1,-1,-1,-1,-1,-1,-1,-1,-1,-1,-1,-1,-1,-1,-1,-1,-1,-1,-1,-1,-1,-1,-1,0,1,2,3,0,1,2,3,4,0,1,2,0,1,2,3,4,5,0,1,2,3,4,0,1,2,0,1,2,3,0,1,2,3,4,5,6,7,8,9,10,11,12,13,14,15,16,17,18,19,20,21,0,1,2,3,0,1,2,0,1,2,3
268413,-1,-1,-1,-1,-1,-1,-1,-1,-1,-1,-1,-1,-1,-1,-1,-1,-1,-1,-1,-1,-1,-1,-1,-1,-1,-1,-1,-1,-1,-1,-1,-1,-1,-1,-1,-1,-1,-1,-1,-1,-1,-1,-1,-1,-1,-1,-1,-1,-1,-1,-1,-1,-1,-1,-1,-1,-1,-1,0,1,2,3,0,1,2,3,4,0,1,2,0,1,2,3,4,5,0,1,2,3,0,1,2,0,1,2,3,4,0,1,2,3,0,1,2,3,4,5,6,7,8,9,10,11,12,13,14,15,16,0,1,2,3,4,5,0,1,2,3,0,1
279822,-1,-1,-1,-1,-1,-1,-1,-1,-1,-1,-1,-1,-1,-1,-1,-1,-1,-1,-1,-1,-1,-1,-1,-1,-1,-1,-1,-1,-1,-1,-1,-1,-1,-1,-1,-1,-1,-1,-1,-1,-1,-1,-1,-1,-1,-1,-1,-1,-1,-1,-1,-1,-1,-1,-1,-1,-1,-1,0,1,2,3,0,1,2,3,4,0,1,2,0,1,2,3,4,5,0,1,2,3,0,1,2,0,1,2,3,4,0,1,2,3,0,1,2,3,4,5,6,7,8,9,10,11,12,13,14,15,16,17,18,0,1,2,3,0,1,2,3,0,1
280500,-1,-1,-1,-1,-1,-1,-1,-1,-1,-1,-1,-1,-1,-1,-1,-1,-1,-1,-1,-1,-1,-1,-1,-1,-1,-1,-1,-1,-1,-1,-1,-1,-1,-1,-1,-1,-1,-1,-1,-1,-1,-1,-1,-1,-1,-1,-1,-1,-1,-1,-1,-1,-1,-1,-1,-1,-1,-1,0,1,2,3,4,5,6,7,8,0,1,2,0,1,2,3,4,5,0,1,2,3,4,0,1,2,0,1,2,3,0,1,2,3,4,5,6,7,8,9,10,11,12,13,14,15,16,17,18,19,20,21,0,1,2,3,0,1,2,0,1,2,3
286789,-1,-1,-1,-1,-1,-1,-1,-1,-1,-1,-1,-1,-1,-1,-1,-1,-1,-1,-1,-1,-1,-1,-1,-1,-1,-1,-1,-1,-1,-1,-1,-1,-1,-1,-1,-1,-1,-1,-1,-1,-1,-1,-1,-1,-1,-1,-1,-1,-1,-1,-1,-1,-1,-1,-1,-1,-1,-1,0,1,2,3,0,1,2,3,4,0,1,2,3,0,1,2,3,4,0,1,2,0,1,2,3,4,0,1,2,3,0,1,2,3,0,1,2,3,4,5,6,7,8,9,10,11,12,0,1,2,3,0,1,2,3,4,0,1,2,3,0,1,2
287338,-1,-1,-1,-1,-1,-1,-1,-1,-1,-1,-1,-1,-1,-1,-1,-1,-1,-1,-1,-1,-1,-1,-1,-1,-1,-1,-1,-1,-1,-1,-1,-1,-1,-1,-1,-1,-1,-1,-1,-1,-1,-1,-1,-1,-1,-1,-1,-1,-1,-1,-1,-1,-1,-1,-1,-1,-1,-1,0,1,2,3,0,1,2,3,4,0,1,2,0,1,2,3,4,5,0,1,2,3,4,0,1,2,0,1,2,3,4,5,6,7,8,9,10,11,12,13,14,15,16,17,18,19,20,21,22,23,24,25,0,1,2,3,0,1,2,0,1,2,3
290415,-1,-1,-1,-1,-1,-1,-1,-1,-1,-1,-1,-1,-1,-1,-1,-1,-1,-1,-1,-1,-1,-1,-1,-1,-1,-1,-1,-1,-1,-1,-1,-1,-1,-1,-1,-1,-1,-1,-1,-1,-1,-1,-1,-1,-1,-1,-1,-1,-1,-1,-1,-1,-1,-1,-1,-1,-1,-1,0,1,2,3,0,1,2,3,4,0,1,2,3,0,1,2,3,4,0,1,2,3,4,0,1,2,0,1,2,3,0,1,2,3,4,5,6,7,8,9,10,11,12,13,14,15,16,17,18,19,20,21,0,1,2,3,0,1,2,0,1,2,3
292528,-1,-1,-1,-1,-1,-1,-1,-1,-1,-1,-1,-1,-1,-1,-1,-1,-1,-1,-1,-1,-1,-1,-1,-1,-1,-1,-1,-1,-1,-1,-1,-1,-1,-1,-1,-1,-1,-1,-1,-1,-1,-1,-1,-1,-1,-1,-1,-1,-1,-1,-1,-1,-1,-1,-1,-1,-1,-1,0,1,2,3,0,1,2,3,4,0,1,2,3,0,1,2,3,4,5,0,1,2,3,0,1,2,0,1,2,3,4,5,6,7,0,1,2,3,4,5,6,7,8,9,10,11,12,13,14,0,1,2,0,1,2,3,0,1,2,0,1,2,3
301004,-1,-1,-1,-1,-1,-1,-1,-1,-1,-1,-1,-1,-1,-1,-1,-1,-1,-1,-1,-1,-1,-1,-1,-1,-1,-1,-1,-1,-1,-1,-1,-1,-1,-1,-1,-1,-1,-1,-1,-1,-1,-1,-1,-1,-1,-1,-1,-1,-1,-1,-1,-1,-1,-1,-1,-1,-1,-1,0,1,2,3,0,1,2,3,4,0,1,2,0,1,2,3,4,5,0,1,2,3,4,0,1,2,0,1,2,3,4,5,6,7,8,9,10,11,12,13,14,15,16,17,18,19,20,21,22,23,24,25,0,1,2,3,0,1,2,0,1,2,3
307043,-1,-1,-1,-1,-1,-1,-1,-1,-1,-1,-1,-1,-1,-1,-1,-1,-1,-1,-1,-1,-1,-1,-1,-1,-1,-1,-1,-1,-1,-1,-1,-1,-1,-1,-1,-1,-1,-1,-1,-1,-1,-1,-1,-1,-1,-1,-1,-1,-1,-1,-1,-1,-1,-1,-1,-1,-1,-1,0,1,2,3,0,1,2,3,4,0,1,2,3,0,1,2,3,4,5,0,1,2,3,0,1,2,0,1,2,3,0,1,2,3,4,5,6,7,8,9,10,11,12,13,14,15,16,17,18,0,1,2,0,1,2,3,0,1,2,0,1,2,3
311363,-1,-1,-1,-1,-1,-1,-1,-1,-1,-1,-1,-1,-1,-1,-1,-1,-1,-1,-1,-1,-1,-1,-1,-1,-1,-1,-1,-1,-1,-1,-1,-1,-1,-1,-1,-1,-1,-1,-1,-1,-1,-1,-1,-1,-1,-1,-1,-1,-1,-1,-1,-1,-1,-1,-1,-1,-1,-1,-1,0,1,2,0,1,2,3,4,0,1,2,3,0,1,2,3,4,0,1,2,3,4,0,1,2,0,1,2,3,4,5,6,7,8,9,10,11,12,13,14,15,16,17,18,19,20,21,22,23,24,25,0,1,2,3,0,1,2,0,1,2,3
335225,-1,-1,-1,-1,-1,-1,-1,-1,-1,-1,-1,-1,-1,-1,-1,-1,-1,-1,-1,-1,-1,-1,-1,-1,-1,-1,-1,-1,-1,-1,-1,-1,-1,-1,-1,-1,-1,-1,-1,-1,-1,-1,-1,-1,-1,-1,-1,-1,-1,-1,-1,-1,-1,-1,-1,-1,-1,-1,0,1,2,3,0,1,2,3,4,0,1,2,3,0,1,2,3,4,5,0,1,2,3,0,1,2,0,1,2,3,0,1,2,3,4,5,6,7,8,9,10,11,12,13,14,15,16,17,18,0,1,2,0,1,2,3,0,1,2,0,1,2,3
357256,-1,-1,-1,-1,-1,-1,-1,-1,-1,-1,-1,-1,-1,-1,-1,-1,-1,-1,-1,-1,-1,-1,-1,-1,-1,-1,-1,-1,-1,-1,-1,-1,-1,-1,-1,-1,-1,-1,-1,-1,-1,-1,-1,-1,-1,-1,-1,-1,-1,-1,-1,-1,-1,-1,-1,-1,-1,-1,0,1,2,3,0,1,2,3,4,0,1,2,0,1,2,3,4,5,6,0,1,2,3,0,1,2,0,1,2,3,4,5,6,7,8,9,10,11,12,13,14,15,16,17,18,19,20,21,22,23,24,25,0,1,2,3,0,1,2,0,1,2,3
361840,-1,-1,-1,-1,-1,-1,-1,-1,-1,-1,-1,-1,-1,-1,-1,-1,-1,-1,-1,-1,-1,-1,-1,-1,-1,-1,-1,-1,-1,-1,-1,-1,-1,-1,-1,-1,-1,-1,-1,-1,-1,-1,-1,-1,-1,-1,-1,-1,-1,-1,-1,-1,-1,-1,-1,-1,-1,-1,0,1,2,3,0,1,2,3,4,0,1,2,0,1,2,3,4,5,6,0,1,2,3,4,5,6,0,1,2,3,4,5,6,7,8,9,10,11,12,13,14,15,16,17,18,19,20,21,22,23,24,25,0,1,2,3,0,1,2,0,1,2,3
364070,-1,-1,-1,-1,-1,-1,-1,-1,-1,-1,-1,-1,-1,-1,-1,-1,-1,-1,-1,-1,-1,-1,-1,-1,-1,-1,-1,-1,-1,-1,-1,-1,-1,-1,-1,-1,-1,-1,-1,-1,-1,-1,-1,-1,-1,-1,-1,-1,-1,-1,-1,-1,-1,-1,-1,-1,-1,-1,0,1,2,3,0,1,2,3,4,0,1,2,0,1,2,3,4,5,6,0,1,2,3,0,1,2,0,1,2,3,4,5,6,7,8,9,10,11,12,13,14,15,16,17,18,19,20,21,22,23,24,25,0,1,2,3,0,1,2,0,1,2,3
367193,-1,-1,-1,-1,-1,-1,-1,-1,-1,-1,-1,-1,-1,-1,-1,-1,-1,-1,-1,-1,-1,-1,-1,-1,-1,-1,-1,-1,-1,-1,-1,-1,-1,-1,-1,-1,-1,-1,-1,-1,-1,-1,-1,-1,-1,-1,-1,-1,-1,-1,-1,-1,-1,-1,-1,-1,-1,-1,0,1,2,3,0,1,2,3,4,0,1,2,0,1,2,3,4,5,6,0,1,2,3,0,1,2,0,1,2,3,0,1,2,3,0,1,2,3,4,5,6,7,8,9,10,11,12,13,14,15,16,17,0,1,2,3,0,1,2,0,1,2,3
372502,-1,-1,-1,-1,-1,-1,-1,-1,-1,-1,-1,-1,-1,-1,-1,-1,-1,-1,-1,-1,-1,-1,-1,-1,-1,-1,-1,-1,-1,-1,-1,-1,-1,-1,-1,-1,-1,-1,-1,-1,-1,-1,-1,-1,-1,-1,-1,-1,-1,-1,-1,-1,-1,-1,-1,-1,-1,-1,0,1,2,3,0,1,2,3,4,0,1,2,0,1,2,3,4,5,6,0,1,2,3,0,1,2,0,1,2,3,0,1,2,3,0,1,2,3,4,5,6,7,8,9,10,11,12,13,14,15,16,17,0,1,2,3,0,1,2,0,1,2,3
378882,-1,-1,-1,-1,-1,-1,-1,-1,-1,-1,-1,-1,-1,-1,-1,-1,-1,-1,-1,-1,-1,-1,-1,-1,-1,-1,-1,-1,-1,-1,-1,-1,-1,-1,-1,-1,-1,-1,-1,-1,-1,-1,-1,-1,-1,-1,-1,-1,-1,-1,-1,-1,-1,-1,-1,-1,-1,-1,0,1,2,3,0,1,2,3,4,0,1,2,3,0,1,2,3,4,5,0,1,2,3,0,1,2,0,1,2,3,4,5,6,7,8,9,10,11,12,13,14,15,16,17,18,19,20,21,22,0,1,2,0,1,2,3,0,1,2,0,1,2,3
400605,-1,-1,-1,-1,-1,-1,-1,-1,-1,-1,-1,-1,-1,-1,-1,-1,-1,-1,-1,-1,-1,-1,-1,-1,-1,-1,-1,-1,-1,-1,-1,-1,-1,-1,-1,-1,-1,-1,-1,-1,-1,-1,-1,-1,-1,-1,-1,-1,-1,-1,-1,-1,-1,-1,-1,-1,-1,-1,0,1,2,3,0,1,2,3,4,0,1,2,0,1,2,3,4,5,6,0,1,2,3,0,1,2,0,1,2,3,0,1,2,3,0,1,2,3,4,5,6,7,8,9,10,11,12,13,14,15,16,17,0,1,2,3,0,1,2,0,1,2,3
405643,-1,-1,-1,-1,-1,-1,-1,-1,-1,-1,-1,-1,-1,-1,-1,-1,-1,-1,-1,-1,-1,-1,-1,-1,-1,-1,-1,-1,-1,-1,-1,-1,-1,-1,-1,-1,-1,-1,-1,-1,-1,-1,-1,-1,-1,-1,-1,-1,-1,-1,-1,-1,-1,-1,-1,-1,-1,-1,0,1,2,3,0,1,2,3,4,0,1,2,3,0,1,2,3,4,5,0,1,2,3,0,1,2,0,1,2,3,0,1,2,3,4,5,6,7,8,9,10,11,12,13,14,15,16,17,18,0,1,2,0,1,2,3,0,1,2,0,1,2,3
544292,-1,-1,-1,-1,-1,-1,-1,-1,-1,-1,-1,-1,-1,-1,-1,-1,-1,-1,-1,-1,-1,-1,-1,-1,-1,-1,-1,-1,-1,-1,-1,-1,-1,-1,-1,-1,-1,-1,-1,-1,-1,-1,-1,-1,-1,-1,-1,-1,-1,-1,-1,-1,-1,-1,-1,-1,-1,-1,0,1,2,3,0,1,2,3,4,0,1,2,3,0,1,2,3,4,5,0,1,2,3,0,1,2,3,0,1,2,0,1,2,3,0,1,2,3,4,5,6,7,8,9,10,11,12,13,0,1,2,3,0,1,2,3,0,1,2,3,0,1,2
593665,-1,-1,-1,-1,-1,-1,-1,-1,-1,-1,-1,-1,-1,-1,-1,-1,-1,-1,-1,-1,-1,-1,-1,-1,-1,-1,-1,-1,-1,-1,-1,-1,-1,-1,-1,-1,-1,-1,-1,-1,-1,-1,-1,-1,-1,-1,-1,-1,-1,-1,-1,-1,-1,-1,-1,-1,-1,-1,0,1,2,3,0,1,2,3,4,0,1,2,3,0,1,2,3,4,5,0,1,2,3,0,1,2,3,0,1,2,0,1,2,3,0,1,2,3,4,5,6,7,8,9,10,11,12,13,0,1,2,3,0,1,2,3,0,1,2,3,0,1,2
594580,-1,-1,-1,-1,-1,-1,-1,-1,-1,-1,-1,-1,-1,-1,-1,-1,-1,-1,-1,-1,-1,-1,-1,-1,-1,-1,-1,-1,-1,-1,-1,-1,-1,-1,-1,-1,-1,-1,-1,-1,-1,-1,-1,-1,-1,-1,-1,-1,-1,-1,-1,-1,-1,-1,-1,-1,-1,-1,0,1,2,3,0,1,2,3,4,0,1,2,3,0,1,2,3,4,5,0,1,2,3,0,1,2,3,0,1,2,0,1,2,3,0,1,2,3,4,5,6,7,8,9,10,11,12,13,0,1,2,3,0,1,2,3,4,5,0,1,0,1,2
601725,-1,-1,-1,-1,-1,-1,-1,-1,-1,-1,-1,-1,-1,-1,-1,-1,-1,-1,-1,-1,-1,-1,-1,-1,-1,-1,-1,-1,-1,-1,-1,-1,-1,-1,-1,-1,-1,-1,-1,-1,-1,-1,-1,-1,-1,-1,-1,-1,-1,-1,-1,-1,-1,-1,-1,-1,-1,-1,0,1,2,3,0,1,2,3,4,0,1,2,3,0,1,2,3,4,5,0,1,2,3,0,1,2,3,0,1,2,0,1,2,3,0,1,2,3,4,5,6,7,8,9,10,11,12,13,0,1,2,3,0,1,2,3,0,1,2,3,0,1,2
622337,-1,-1,-1,-1,-1,-1,-1,-1,-1,-1,-1,-1,-1,-1,-1,-1,-1,-1,-1,-1,-1,-1,-1,-1,-1,-1,-1,-1,-1,-1,-1,-1,-1,-1,-1,-1,-1,-1,-1,-1,-1,-1,-1,-1,-1,-1,-1,-1,-1,-1,-1,-1,-1,-1,-1,-1,-1,-1,0,1,2,3,0,1,2,3,4,0,1,2,3,0,1,2,3,4,5,0,1,2,3,0,1,2,3,0,1,2,0,1,2,3,0,1,2,3,4,5,6,7,8,9,10,11,12,13,0,1,2,3,0,1,2,3,0,1,2,3,0,1,2
642613,-1,-1,-1,-1,-1,-1,-1,-1,-1,-1,-1,-1,-1,-1,-1,-1,-1,-1,-1,-1,-1,-1,-1,-1,-1,-1,-1,-1,-1,-1,-1,-1,-1,-1,-1,-1,-1,-1,-1,-1,-1,-1,-1,-1,-1,-1,-1,-1,-1,-1,-1,-1,-1,-1,-1,-1,-1,0,1,2,3,4,0,1,2,3,0,1,2,3,0,1,2,3,4,5,6,0,1,2,3,0,1,2,3,4,5,6,0,1,2,3,0,1,2,3,4,5,6,7,8,9,10,11,12,13,0,1,2,3,0,1,2,3,0,1,2,3,0,1,2
647830,-1,-1,-1,-1,-1,-1,-1,-1,-1,-1,-1,-1,-1,-1,-1,-1,-1,-1,-1,-1,-1,-1,-1,-1,-1,-1,-1,-1,-1,-1,-1,-1,-1,-1,-1,-1,-1,-1,-1,-1,-1,-1,-1,-1,-1,-1,-1,-1,-1,-1,-1,-1,-1,-1,-1,-1,-1,-1,0,1,2,3,0,1,2,3,4,0,1,2,3,0,1,2,3,4,5,0,1,2,3,0,1,2,3,0,1,2,0,1,2,3,0,1,2,3,4,5,6,7,8,9,10,11,12,13,0,1,2,3,0,1,2,3,0,1,2,3,0,1,2
650846,-1,-1,-1,-1,-1,-1,-1,-1,-1,-1,-1,-1,-1,-1,-1,-1,-1,-1,-1,-1,-1,-1,-1,-1,-1,-1,-1,-1,-1,-1,-1,-1,-1,-1,-1,-1,-1,-1,-1,-1,-1,-1,-1,-1,-1,-1,-1,-1,-1,-1,-1,-1,-1,-1,-1,-1,-1,0,1,2,3,4,0,1,2,3,0,1,2,3,4,0,1,2,3,4,5,0,1,2,3,0,1,2,3,0,1,2,0,1,2,3,0,1,2,3,4,5,6,7,8,9,10,11,12,13,0,1,2,3,0,1,2,3,0,1,2,3,0,1,2
652934,-1,-1,-1,-1,-1,-1,-1,-1,-1,-1,-1,-1,-1,-1,-1,-1,-1,-1,-1,-1,-1,-1,-1,-1,-1,-1,-1,-1,-1,-1,-1,-1,-1,-1,-1,-1,-1,-1,-1,-1,-1,-1,-1,-1,-1,-1,-1,-1,-1,-1,-1,-1,-1,-1,-1,-1,-1,0,1,2,3,4,0,1,2,3,0,1,2,3,4,0,1,2,3,4,5,0,1,2,3,0,1,2,3,0,1,2,0,1,2,3,0,1,2,3,4,5,6,7,8,9,10,11,12,13,0,1,2,3,0,1,2,3,0,1,2,3,0,1,2
700226,-1,-1,-1,-1,-1,-1,-1,-1,-1,-1,-1,-1,-1,-1,-1,-1,-1,-1,-1,-1,-1,-1,-1,-1,-1,-1,-1,-1,-1,-1,-1,-1,-1,-1,-1,-1,-1,-1,-1,-1,-1,-1,-1,-1,-1,-1,-1,-1,-1,-1,-1,-1,-1,-1,-1,-1,-1,-1,-1,0,1,2,3,4,5,6,7,0,1,2,3,0,1,2,3,4,5,0,1,2,3,0,1,2,3,0,1,2,0,1,2,3,0,1,2,3,4,5,6,7,8,9,10,11,12,13,0,1,2,3,0,1,2,3,0,1,2,3,0,1,2
700239,-1,-1,-1,-1,-1,-1,-1,-1,-1,-1,-1,-1,-1,-1,-1,-1,-1,-1,-1,-1,-1,-1,-1,-1,-1,-1,-1,-1,-1,-1,-1,-1,-1,-1,-1,-1,-1,-1,-1,-1,-1,-1,-1,-1,-1,-1,-1,-1,-1,-1,-1,-1,-1,-1,-1,-1,-1,-1,-1,-1,-1,-1,-1,-1,0,1,2,0,1,2,3,0,1,2,3,4,5,0,1,2,3,0,1,2,3,0,1,2,0,1,2,3,0,1,2,3,4,5,6,7,8,9,10,11,12,13,0,1,2,3,0,1,2,3,1,2,0,1,0,1,2
HOBO-014,-1,-1,-1,-1,-1,-1,-1,0,1,0,1,2,3,0,1,2,3,4,5,6,0,1,0,1,2,3,4,0,1,2,3,4,5,6,7,8,0,1,2,3,4,5,6,7,8,9,10,11,12,13,14,15,16,0,1,2,3,4,0,1,2,3,0,1,2,3,0,1,2,3,0,1,2,3,4,5,0,1,2,3,0,1,2,3,0,1,2,3,4,5,6,7,0,1,2,3,4,5,6,7,8,9,10,11,12,0,1,2,3,4,0,1,2,3,0,1,2,0,1,2,3
HOBO-016,-1,0,1,2,3,0,1,2,3,4,0,1,2,0,1,2,3,4,5,0,1,2,0,1,2,3,4,0,1,2,3,4,5,0,1,2,0,1,2,3,0,1,2,3,4,5,6,7,8,9,10,11,12,13,0,1,2,3,0,1,2,0,1,2,3,4,0,1,2,3,4,0,1,2,0,1,2,3,4,5,0,1,2,3,4,0,1,2,3,4,0,1,0,1,2,3,4,5,6,7,8,9,10,11,12,13,0,1,2,3,4,0,1,2,3,0,1,2,3,0,1
HOBO-032,-1,-1,-1,-1,-1,-1,-1,0,1,0,1,2,3,0,1,2,3,4,5,6,0,1,0,1,2,3,4,5,6,7,8,9,10,11,12,13,0,1,2,3,4,5,6,7,8,9,10,11,12,13,14,15,16,0,1,2,3,4,0,1,2,3,0,1,2,3,0,1,2,3,0,1,2,3,4,5,0,1,2,3,0,1,2,3,0,1,2,3,4,5,6,7,8,9,10,11,12,13,14,15,16,17,18,19,20,21,22,23,24,25,0,1,2,3,0,1,2,0,1,2,3
HOBO-036,-1,0,1,2,3,0,1,2,3,4,0,1,2,0,1,2,3,4,5,0,1,2,0,1,2,3,4,0,1,2,3,4,5,0,1,2,0,1,2,3,0,1,2,3,4,5,6,7,8,9,10,11,12,13,0,1,2,3,0,1,2,0,1,2,3,4,0,1,2,3,4,0,1,2,0,1,2,3,4,5,0,1,2,3,4,0,1,2,3,4,0,1,0,1,2,3,4,5,6,7,8,9,10,11,12,13,0,1,2,3,4,0,1,2,3,0,1,2,3,0,1
HOBO-040,-1,-1,-1,-1,-1,-1,-1,0,1,0,1,2,3,0,1,2,3,4,5,6,0,1,0,1,2,3,4,5,6,7,8,9,10,11,12,13,0,1,2,3,4,5,6,7,8,9,10,11,12,13,14,15,16,17,18,19,20,21,0,1,2,3,0,1,2,3,0,1,2,3,0,1,2,3,4,5,0,1,2,3,0,1,2,3,4,1,2,3,4,5,6,7,8,9,10,11,12,13,14,15,16,17,18,19,20,21,22,23,24,25,0,1,2,3,0,1,2,0,1,2,3
HOBO-053,-1,0,1,2,3,0,1,2,3,4,0,1,2,3,0,1,2,3,4,0,1,2,0,1,2,3,4,5,6,7,8,9,0,1,2,3,4,0,1,2,0,1,2,3,4,5,6,7,8,9,10,11,12,0,1,2,3,4,5,6,7,8,0,1,2,3,4,0,1,2,3,4,0,1,2,0,1,2,3,4,0,1,2,3,4,0,1,2,3,4,5,6,7,8,9,10,11,12,13,14,15,16,17,18,19,20,0,1,2,3,4,0,1,0,1,2,3,4,5,6,0
HOBO-055,-1,0,1,2,3,0,1,2,3,4,0,1,2,3,0,1,2,3,4,0,1,2,0,1,2,3,4,5,6,7,8,9,0,1,2,3,4,0,1,2,0,1,2,3,4,5,6,7,8,9,10,11,12,0,1,2,3,0,1,2,3,4,5,0,1,2,3,0,1,2,3,4,0,1,2,0,1,2,3,4,0,1,2,3,4,0,1,2,3,4,5,6,7,8,9,10,11,12,13,14,15,16,17,18,19,20,0,1,2,3,4,0,1,0,1,2,3,4,5,6,0
HOBO-060,-1,-1,-1,-1,-1,-1,-1,0,1,0,1,2,3,0,1,2,3,4,5,6,0,1,0,1,2,3,4,5,6,7,8,9,10,11,12,13,0,1,2,3,4,5,6,7,8,9,10,11,12,13,14,15,16,17,18,19,20,21,0,1,2,3,0,1,2,3,0,1,2,3,0,1,2,3,4,5,0,1,2,3,0,1,2,3,4,5,6,7,8,9,10,11,12,13,14,15,16,17,18,19,20,21,22,23,24,25,26,27,28,0,1,2,3,4,0,1,2,0,1,2,3
HOBO-063,-1,0,1,2,3,0,1,2,3,4,0,1,2,3,0,1,2,3,4,0,1,2,0,1,2,3,4,5,6,7,8,9,0,1,2,3,4,0,1,2,0,1,2,3,4,5,6,7,8,9,10,11,12,0,1,2,3,4,0,1,2,3,0,1,2,3,4,0,1,2,3,4,0,1,2,0,1,2,3,4,0,1,2,3,4,0,1,2,3,4,5,6,7,8,9,10,11,12,13,14,15,16,17,18,19,20,0,1,2,3,4,0,1,0,1,2,3,4,5,6,0
HOBO-200,-1,0,1,2,3,0,1,2,3,4,0,1,2,3,0,1,2,3,4,0,1,2,0,1,2,3,4,0,1,2,3,4,5,6,7,8,0,1,2,3,4,0,1,2,3,4,0,1,2,3,4,5,6,7,0,1,2,3,0,1,2,3,4,0,1,2,0,1,2,3,4,5,0,1,2,0,1,2,3,4,5,0,1,2,0,1,2,3,4,0,1,2,3,4,5,6,7,8,9,10,11,12,13,14,15,16,0,1,2,3,4,5,0,1,2,0,1,2,3,4,5
HOBO-204,-1,0,1,2,3,0,1,2,3,4,0,1,2,3,0,1,2,3,4,0,1,2,0,1,2,3,4,0,1,2,3,4,5,0,1,2,0,1,2,3,4,0,1,2,3,4,0,1,2,0,1,2,3,4,0,1,2,3,0,1,2,3,4,0,1,2,0,1,2,3,4,5,0,1,0,1,2,3,4,5,0,1,2,3,0,1,2,3,4,0,1,2,0,1,2,3,4,5,6,7,8,9,10,11,12,13,0,1,2,0,1,2,3,0,1,2,3,0,1,2,3
HOBO-207,0,1,2,3,4,0,1,2,3,0,1,2,3,0,1,2,3,4,5,0,1,2,0,1,2,3,0,1,2,3,4,5,6,0,1,2,0,1,2,3,4,0,1,2,3,0,1,2,3,0,1,2,3,4,0,1,2,3,0,1,2,0,1,2,3,0,1,2,3,4,0,1,2,3,0,1,2,3,4,0,1,2,3,0,1,2,3,4,5,0,1,2,0,1,2,3,4,5,6,7,8,9,10,11,12,13,0,1,2,0,1,2,3,0,1,2,3,0,1,2,3
HOBO-209,0,1,2,3,4,0,1,2,3,0,1,2,3,0,1,2,3,4,5,0,1,2,0,1,2,3,0,1,2,3,4,5,6,0,1,2,0,1,2,3,4,0,1,2,3,0,1,2,3,0,1,2,3,4,0,1,2,3,0,1,2,0,1,2,3,0,1,2,3,4,0,1,2,3,0,1,2,3,4,0,1,2,3,0,1,2,3,4,5,0,1,2,0,1,2,3,4,5,6,7,8,9,10,11,12,13,0,1,2,0,1,2,3,0,1,2,3,0,1,2,3
HOBO-211,0,1,2,3,4,0,1,2,3,0,1,2,3,0,1,2,3,4,5,0,1,2,0,1,2,3,0,1,2,3,4,5,6,0,1,2,0,1,2,3,4,0,1,2,3,0,1,2,3,0,1,2,3,4,0,1,2,3,0,1,2,0,1,2,3,0,1,2,3,4,0,1,2,3,0,1,2,3,4,0,1,2,3,0,1,2,3,0,1,2,3,4,0,1,2,3,4,5,6,7,8,9,10,11,12,13,0,1,2,0,1,2,3,0,1,2,3,0,1,2,3
HOBO-216,-1,-1,-1,-1,-1,-1,-1,0,1,2,0,1,2,0,1,2,3,4,5,0,1,2,0,1,2,3,4,5,6,7,8,9,10,11,12,13,14,15,16,17,18,19,20,21,22,23,24,25,26,27,28,29,30,31,32,33,34,0,1,2,3,0,1,2,3,0,1,2,3,4,5,0,1,2,0,1,2,3,4,0,1,2,3,4,5,6,7,8,9,10,11,12,13,14,15,16,17,18,19,20,21,22,23,24,25,26,27,28,29,30,31,0,1,2,0,1,2,3,4,0,1
HOBO-233,-1,-1,-1,-1,-1,-1,-1,0,1,2,0,1,2,0,1,2,3,4,5,0,1,2,0,1,2,3,4,5,6,7,8,9,10,11,12,13,14,15,16,17,18,19,20,21,22,23,24,25,26,27,28,29,30,31,32,33,34,0,1,2,3,0,1,2,3,0,1,2,3,4,5,0,1,2,0,1,2,3,4,0,1,2,3,4,5,6,7,8,9,10,11,12,13,14,15,16,17,18,19,20,21,22,23,24,25,26,27,28,29,30,31,0,1,2,0,1,2,3,4,0,1
HOBO-235,-1,-1,-1,-1,-1,-1,-1,0,1,2,0,1,2,0,1,2,3,4,5,0,1,2,0,1,2,3,4,5,6,7,8,9,10,11,12,13,14,15,16,17,18,19,20,21,22,23,24,25,26,27,28,29,30,31,32,33,34,0,1,2,3,0,1,2,3,0,1,2,3,4,5,0,1,2,0,1,2,3,4,0,1,2,3,4,5,6,7,8,9,10,11,12,13,14,15,16,17,18,19,20,21,22,23,24,25,26,27,28,29,30,31,0,1,2,0,1,2,3,4,0,1
HOBO-242,0,1,2,3,0,1,2,3,0,1,2,3,4,5,0,1,2,3,4,0,1,2,0,1,2,3,4,0,1,2,3,4,5,0,1,2,3,0,1,2,3,0,1,2,3,4,5,6,7,8,9,10,11,12,0,1,2,3,0,1,2,3,4,0,1,2,3,0,1,2,3,4,0,1,2,0,1,2,3,4,0,1,2,3,0,1,2,3,4,5,6,7,8,9,10,11,12,13,14,15,16,17,18,19,20,0,1,2,3,4,5,0,1,2,0,1,2,3,4,0,1
HOBO-244,0,1,2,3,0,1,2,3,4,5,0,1,2,3,0,1,2,3,4,0,1,2,0,1,2,3,4,0,1,2,3,4,5,0,1,2,3,0,1,2,3,0,1,2,3,4,5,6,7,8,9,10,11,12,0,1,2,3,0,1,2,3,4,0,1,2,3,0,1,2,3,4,0,1,2,0,1,2,3,4,0,1,2,3,0,1,2,3,4,5,6,7,8,9,10,11,12,13,14,15,16,17,18,19,20,0,1,2,3,4,5,0,1,2,0,1,2,3,4,5,0
HOBO-246,0,1,2,3,0,1,2,3,4,5,0,1,2,3,0,1,2,3,4,0,1,2,0,1,2,3,4,0,1,2,3,4,5,0,1,2,3,0,1,2,3,0,1,2,3,4,5,6,7,8,9,10,11,12,0,1,2,3,0,1,2,3,4,0,1,2,3,0,1,2,3,4,0,1,2,0,1,2,3,4,0,1,2,3,0,1,2,3,4,5,6,7,8,9,10,11,12,13,14,15,16,17,18,19,20,0,1,2,3,4,5,0,1,2,0,1,2,3,4,0,1
HOBO-248,0,1,2,3,0,1,2,3,4,5,0,1,2,3,0,1,2,3,4,0,1,2,0,1,2,3,4,0,1,2,3,4,5,0,1,2,3,0,1,2,3,4,5,6,7,8,9,10,11,12,13,14,15,16,0,1,2,3,0,1,2,3,4,0,1,2,3,0,1,2,3,4,0,1,2,0,1,2,3,4,0,1,2,3,0,1,2,3,4,5,6,7,8,9,10,11,12,13,14,15,16,17,18,19,20,0,1,2,3,4,5,0,1,2,0,1,2,3,4,0,1
HOBO-250,-1,-1,-1,-1,0,1,2,3,4,5,0,1,2,3,0,1,2,3,4,0,1,2,0,1,2,3,4,0,1,2,3,4,5,0,1,2,3,0,1,2,3,4,5,6,7,8,9,10,11,12,13,14,15,16,0,1,2,3,0,1,2,3,4,0,1,2,3,0,1,2,3,4,0,1,2,0,1,2,3,4,0,1,2,3,0,1,2,3,4,5,6,7,8,9,10,11,12,13,14,15,16,17,18,19,20,0,1,2,3,4,5,0,1,2,0,1,2,3,4,0,1
HOBO-265,-1,-1,-1,-1,-1,-1,-1,-1,-1,-1,0,1,2,3,0,1,2,3,4,5,0,1,0,1,2,3,4,5,6,7,8,9,10,11,12,13,14,15,16,17,18,19,20,21,22,23,24,25,26,27,28,29,30,31,32,33,34,0,1,2,3,4,0,1,2,3,4,0,1,2,3,4,0,1,0,1,2,3,4,5,0,1,2,3,4,5,6,7,8,9,10,11,12,13,14,15,16,17,18,19,20,21,22,23,24,25,26,27,28,29,30,31,0,0,1,2,3,4,5,0,1
HOBO-270,-1,-1,-1,-1,-1,-1,-1,-1,0,1,0,1,2,0,1,2,3,4,5,6,0,1,0,1,2,3,4,5,6,7,8,9,10,11,12,13,14,15,16,17,18,19,20,21,22,23,24,25,26,27,28,29,30,31,32,33,34,0,1,2,3,4,0,1,2,3,4,0,1,2,3,4,0,1,0,1,2,3,4,5,0,1,2,3,4,5,6,7,8,9,10,11,12,13,14,15,16,17,18,19,20,21,22,23,24,25,26,27,28,29,30,0,1,2,3,0,1,2,3,0,1
HOBO-273,-1,-1,-1,-1,-1,-1,-1,-1,-1,-1,0,1,2,1,2,3,4,5,6,7,0,1,0,1,2,3,4,5,6,7,8,9,10,11,12,13,14,15,16,17,18,19,20,21,22,23,24,25,26,27,28,29,30,31,32,33,34,0,1,2,3,4,0,1,2,3,4,0,1,2,3,4,0,1,0,1,2,3,4,5,0,1,2,3,4,5,6,7,8,9,10,11,12,13,14,15,16,17,18,19,20,21,22,23,24,25,26,27,28,29,30,0,1,2,3,0,1,2,3,0,1
HOBO-276,-1,-1,-1,-1,-1,-1,0,1,2,3,0,1,2,0,1,2,3,4,5,6,0,1,0,1,2,3,4,5,6,7,8,9,10,11,12,13,14,15,16,17,18,19,20,21,22,23,24,25,26,27,28,29,30,31,32,33,34,0,1,2,3,4,0,1,2,3,4,0,1,2,3,4,0,1,0,1,2,3,4,5,0,1,2,3,4,5,6,7,8,9,10,11,12,13,14,15,16,17,18,19,20,21,22,23,24,25,26,27,28,29,0,1,2,3,4,0,1,2,3,0,1
HOBO-302,0,1,2,3,0,1,2,3,4,0,1,2,3,0,1,2,3,4,5,6,0,1,0,1,2,3,4,0,1,2,3,4,5,0,1,2,3,0,1,2,0,1,2,3,4,5,6,7,8,0,1,2,3,4,0,1,2,3,0,1,2,3,0,1,2,3,0,1,2,3,4,5,0,1,2,0,1,2,3,4,5,0,1,2,3,4,5,6,7,0,1,2,3,4,5,6,7,8,9,10,11,12,13,14,15,0,1,2,3,4,5,0,1,2,0,1,2,3,0,1,2
HOBO-304,0,1,2,3,0,1,2,3,4,0,1,2,3,0,1,2,3,4,5,0,1,2,0,1,2,3,4,0,1,2,3,4,0,1,2,3,4,0,1,2,0,1,2,3,4,5,6,7,8,0,1,2,3,4,0,1,2,3,0,1,2,3,0,1,2,3,0,1,2,3,4,5,0,1,2,0,1,2,3,4,0,1,2,3,4,0,1,2,3,0,1,2,3,4,5,6,7,8,9,10,11,12,13,14,15,0,1,2,3,4,5,0,1,2,0,1,2,3,0,1,2
HOBO-308,0,1,2,3,0,1,2,3,4,0,1,2,3,0,1,2,3,4,5,0,1,2,0,1,2,3,4,0,1,2,3,4,0,1,2,3,4,0,1,2,0,1,2,3,4,5,6,7,8,0,1,2,3,4,0,1,2,3,0,1,2,3,0,1,2,0,1,2,3,4,5,6,0,1,2,0,1,2,3,4,0,1,2,3,4,0,1,2,3,0,1,2,3,4,5,6,7,8,9,10,11,12,13,14,15,0,1,2,3,4,5,0,1,2,0,1,2,3,0,1,2
HOBO-310,0,1,2,3,0,1,2,3,4,0,1,2,3,0,1,2,3,4,5,0,1,2,0,1,2,3,4,5,6,7,8,9,0,1,2,3,4,0,1,2,0,1,2,3,4,5,6,7,8,0,1,2,3,4,0,1,2,3,0,1,2,3,0,1,2,0,1,2,3,4,5,6,0,1,2,0,1,2,3,4,0,1,2,3,4,0,1,2,3,0,1,2,3,4,5,6,7,8,9,10,11,12,13,14,15,0,1,2,3,4,5,0,1,2,0,1,2,3,0,1,2
HOBO-312,0,1,2,3,0,1,2,3,4,0,1,2,3,0,1,2,3,4,5,0,1,2,0,1,2,3,4,5,6,7,8,9,0,1,2,3,4,0,1,2,0,1,2,3,4,5,6,7,8,9,10,11,12,13,0,1,2,3,0,1,2,3,0,1,2,0,1,2,3,4,5,6,0,1,2,0,1,2,3,4,0,1,2,3,4,0,1,2,3,0,1,2,3,4,5,6,7,8,9,10,11,12,13,14,15,0,1,2,3,4,5,0,1,2,0,1,2,3,0,1,2
HOBO-315,0,1,2,3,0,1,2,3,4,0,1,2,3,0,1,2,3,4,5,0,1,2,0,1,2,3,4,5,6,7,8,9,0,1,2,3,4,0,1,2,0,1,2,3,4,5,6,7,8,9,10,11,12,13,0,1,2,3,0,1,2,3,0,1,2,0,1,2,3,4,5,6,0,1,2,0,1,2,3,4,0,1,2,3,4,0,1,2,3,0,1,2,3,4,5,6,7,8,9,10,11,12,13,14,15,0,1,2,3,4,5,0,1,2,0,1,2,3,0,1,2
HOBO-317,0,1,2,3,0,1,2,3,4,0,1,2,3,0,1,2,3,4,5,0,1,2,0,1,2,3,4,5,6,7,8,9,0,1,2,3,4,0,1,2,0,1,2,3,4,5,6,7,8,9,10,11,12,13,0,1,2,3,0,1,2,3,0,1,2,0,1,2,3,4,5,6,0,1,2,0,1,2,3,4,0,1,2,3,4,0,1,2,3,0,1,2,3,4,5,6,7,8,9,10,11,12,13,14,15,0,1,2,3,4,5,0,1,2,0,1,2,3,0,1,2
HOBO-331,-1,-1,-1,-1,-1,-1,-1,0,1,2,0,1,2,0,1,2,3,4,5,0,1,2,0,1,2,3,4,5,6,7,8,9,10,11,12,13,14,15,16,17,18,19,20,21,22,23,24,25,26,27,28,29,30,31,32,33,34,0,1,2,3,0,1,2,3,0,1,2,3,4,5,0,1,2,0,1,2,3,4,0,1,2,3,4,5,6,7,8,9,10,11,12,13,14,15,16,17,18,19,20,21,22,23,24,25,26,27,28,29,30,31,0,1,2,0,1,2,3,4,0,1
HOBO-333,-1,-1,-1,-1,-1,-1,-1,0,1,2,0,1,2,0,1,2,3,4,5,0,1,2,0,1,2,3,4,5,6,7,8,9,10,11,12,13,14,15,16,17,18,19,20,21,22,23,24,25,26,27,28,29,30,31,32,33,34,0,1,2,3,0,1,2,3,0,1,2,3,4,5,0,1,2,0,1,2,3,4,0,1,2,3,4,5,6,7,8,9,10,11,12,13,14,15,16,17,18,19,20,21,22,23,24,25,26,27,28,29,30,31,0,1,2,0,1,2,3,4,0,1
HOBO-335,0,1,2,3,4,0,1,2,3,4,0,1,2,3,0,1,2,3,4,5,0,1,0,1,2,3,4,0,1,2,3,4,5,0,1,2,0,1,2,3,0,1,2,3,4,5,0,1,2,0,1,2,3,4,0,1,2,3,0,1,2,3,4,0,1,2,0,1,2,3,0,1,2,3,4,5,0,1,2,3,4,0,1,2,0,1,2,3,0,1,2,3,0,1,2,3,4,5,6,7,8,9,10,11,12,0,1,2,3,4,0,1,2,3,0,1,2,0,1,2,3
HOBO-337,0,1,2,3,4,0,1,2,0,1,0,1,2,3,0,1,2,3,4,5,0,1,0,1,2,3,4,0,1,2,3,4,5,0,1,2,0,1,2,3,0,1,2,3,4,5,0,1,2,0,1,2,3,4,0,1,2,3,0,1,2,3,0,1,2,3,0,1,2,3,0,1,2,3,4,5,0,1,2,3,0,1,2,3,0,1,2,3,4,5,6,7,0,1,2,3,4,5,6,7,8,9,10,11,12,13,14,15,16,17,0,1,2,3,0,1,2,0,1,2,3
HOBO-341,0,1,2,3,4,0,1,2,3,0,1,2,3,0,1,2,3,4,5,6,0,1,0,1,2,3,4,0,1,2,3,4,5,0,1,2,0,1,2,3,0,1,2,3,4,5,6,7,8,0,1,2,3,0,1,2,3,4,0,1,2,3,0,1,2,3,0,1,2,3,0,1,2,3,4,5,0,1,2,3,0,1,2,3,0,1,2,3,0,1,2,3,0,1,2,3,4,5,6,7,8,9,10,11,12,0,1,2,3,4,0,1,2,3,0,1,2,0,1,2,3
HOBO-343,0,1,2,3,4,0,1,2,3,0,1,2,3,0,1,2,3,4,5,6,0,1,0,1,2,3,4,0,1,2,3,4,5,0,1,2,0,1,2,3,0,1,2,3,4,5,6,7,8,0,1,2,3,0,1,2,3,4,0,1,2,3,0,1,2,3,0,1,2,3,0,1,2,3,4,5,0,1,2,3,0,1,2,3,0,1,2,3,0,1,2,3,0,1,2,3,4,5,6,7,8,9,10,11,12,0,1,2,3,4,0,1,2,3,0,1,2,0,1,2,3
HOBO-345,-1,-1,-1,-1,-1,-1,-1,0,1,0,1,2,3,0,1,2,3,4,5,6,0,1,0,1,2,3,4,0,1,2,3,4,5,6,7,8,0,1,2,3,0,1,2,3,4,5,6,7,8,9,10,11,12,0,1,2,3,4,0,1,2,3,0,1,2,3,0,1,2,3,0,1,2,3,4,5,0,1,2,3,0,1,2,3,0,1,2,3,0,1,2,3,0,1,2,3,4,5,6,7,8,9,10,11,12,0,1,2,3,4,0,1,2,3,0,1,2,0,1,2,3
HOBO-347,0,1,2,3,4,0,1,2,3,4,0,1,2,3,0,1,2,3,4,5,0,1,0,1,2,3,4,0,1,2,3,4,5,0,1,2,0,1,2,3,0,1,2,3,4,5,6,7,8,0,1,2,3,4,0,1,2,3,0,1,2,3,0,1,2,3,0,1,2,3,0,1,2,3,4,5,0,1,2,3,0,1,2,3,0,1,2,3,0,1,2,3,0,1,2,3,4,5,6,7,8,9,10,11,12,13,14,15,16,17,0,1,2,3,0,1,2,0,1,2,3
HOBO-349,-1,0,1,2,3,0,1,2,3,4,0,1,2,3,0,1,2,3,4,0,1,2,0,1,2,3,4,0,1,2,3,4,5,0,1,2,0,1,2,3,0,1,2,3,4,5,0,1,2,0,1,2,3,4,0,1,2,3,0,1,2,0,1,2,3,4,0,1,2,3,4,0,1,2,0,1,2,3,4,5,0,1,2,3,4,0,1,2,3,4,0,1,0,1,2,3,4,5,6,7,8,9,10,11,12,13,0,1,2,3,4,0,1,2,3,0,1,2,3,0,1
HOBO-351,0,1,2,3,4,0,1,2,3,0,1,2,3,0,1,2,3,4,5,6,0,1,0,1,2,3,4,0,1,2,3,4,5,0,1,2,0,1,2,3,0,1,2,3,4,5,6,7,8,0,1,2,3,0,1,2,3,4,0,1,2,3,0,1,2,3,0,1,2,3,0,1,2,3,4,5,0,1,2,3,0,1,2,3,0,1,2,3,0,1,2,3,0,1,2,3,4,5,6,7,8,9,10,11,12,0,1,2,3,4,0,1,2,3,0,1,2,0,1,2,3
HOBO-353,0,1,2,3,4,0,1,2,3,0,1,2,3,0,1,2,3,4,5,6,0,1,2,0,1,2,3,0,1,2,3,4,5,0,1,2,0,1,2,3,4,5,6,7,8,9,10,11,12,0,1,2,3,0,1,2,3,4,0,1,2,3,0,1,2,3,0,1,2,3,0,1,2,3,4,5,0,1,2,3,0,1,2,3,0,1,2,3,0,1,2,3,0,1,2,3,4,5,6,7,8,9,10,11,12,0,1,2,3,4,0,1,2,3,0,1,2,0,1,2,3
HOBO-357,0,1,2,3,4,0,1,2,3,0,1,2,3,0,1,2,3,4,5,6,0,1,0,1,2,3,4,0,1,2,3,4,5,0,1,2,0,1,2,3,0,1,2,3,4,5,6,7,8,0,1,2,3,0,1,2,3,4,0,1,2,3,0,1,2,3,0,1,2,3,0,1,2,3,4,5,0,1,2,3,0,1,2,3,0,1,2,3,0,1,2,3,0,1,2,3,4,5,6,7,8,9,10,11,12,0,1,2,3,4,0,1,2,3,0,1,2,0,1,2,3
SM-01,-1,0,1,2,3,0,1,2,3,4,0,1,2,0,1,2,3,4,5,0,1,2,0,1,2,3,4,0,1,2,3,4,5,0,1,2,3,0,1,2,0,1,2,3,4,5,6,7,8,0,1,2,3,4,0,1,2,3,0,1,2,3,4,0,1,2,3,0,1,2,3,4,0,1,2,0,1,2,3,4,0,1,2,3,4,0,1,2,3,4,5,6,7,8,9,10,11,12,13,14,15,16,17,18,19,20,0,1,2,3,4,0,1,0,1,2,3,4,5,0,1
SM-01A,-1,-1,-1,-1,-1,-1,-1,-1,-1,-1,-1,-1,-1,-1,-1,-1,-1,-1,-1,-1,-1,-1,-1,-1,-1,-1,-1,-1,-1,-1,-1,-1,-1,-1,-1,-1,-1,-1,-1,-1,-1,-1,-1,-1,-1,-1,-1,-1,-1,0,1,2,3,4,0,1,2,3,4,5,6,7,8,0,1,2,3,0,1,2,3,4,0,1,2,0,1,2,3,4,0,1,2,3,4,0,1,2,3,4,5,6,7,8,9,10,11,12,13,14,15,16,17,18,19,20,0,1,2,3,4,0,1,0,1,2,3,4,5,0,1
SM-01B,-1,-1,-1,-1,-1,-1,-1,-1,-1,-1,-1,-1,-1,-1,-1,-1,-1,-1,-1,-1,-1,-1,-1,-1,-1,-1,-1,-1,-1,-1,-1,-1,-1,-1,-1,-1,-1,-1,-1,-1,-1,-1,-1,-1,-1,-1,-1,-1,-1,0,1,2,3,4,0,1,2,3,4,5,6,7,8,0,1,2,3,0,1,2,3,4,5,6,7,0,1,2,3,4,0,0,1,2,3,0,1,2,3,4,5,6,7,8,9,10,11,12,13,14,15,16,17,18,19,20,0,1,2,3,4,0,1,0,1,2,3,4,5,0,1
SM-01C,-1,-1,-1,-1,-1,-1,-1,-1,-1,-1,-1,-1,-1,-1,-1,-1,-1,-1,-1,-1,-1,-1,-1,-1,-1,-1,-1,-1,-1,-1,-1,-1,-1,-1,-1,-1,-1,-1,-1,-1,-1,-1,-1,-1,-1,-1,-1,-1,-1,0,1,2,3,4,0,1,2,3,4,5,6,7,8,0,1,2,3,0,1,2,3,4,0,1,2,0,1,2,3,4,0,1,2,3,4,0,1,2,3,4,5,6,7,8,9,10,11,12,13,14,15,16,17,18,19,20,0,1,2,3,4,0,1,0,1,2,3,4,5,0,1
SM-02,-1,0,1,2,0,1,2,3,4,0,1,2,3,0,1,2,3,4,5,0,1,2,0,1,2,3,4,0,1,2,3,4,0,1,2,3,4,0,1,2,0,1,2,3,4,5,6,7,8,0,1,2,3,4,0,1,2,3,0,1,2,3,0,1,2,3,0,1,2,3,4,5,6,7,8,9,10,11,12,13,0,1,2,3,4,0,1,2,3,0,1,2,3,4,5,6,7,8,9,10,11,12,13,14,15,0,1,2,3,4,5,0,1,2,0,1,2,3,0,1,2
SM-02A,-1,-1,-1,-1,-1,-1,-1,-1,-1,-1,-1,-1,-1,-1,-1,-1,-1,-1,-1,-1,-1,-1,-1,-1,-1,-1,-1,-1,-1,-1,-1,-1,-1,-1,-1,-1,-1,-1,-1,-1,-1,-1,-1,-1,-1,-1,-1,-1,-1,0,1,2,3,4,0,1,2,3,4,5,6,7,0,1,2,3,0,1,2,3,4,5,6,7,8,9,10,11,12,13,0,1,2,3,4,0,1,2,3,0,1,2,3,4,5,6,7,8,9,10,11,12,13,14,15,0,1,2,3,4,5,0,1,2,0,1,2,3,0,1,2
SM-02B,-1,-1,-1,-1,-1,-1,-1,-1,-1,-1,-1,-1,-1,-1,-1,-1,-1,-1,-1,-1,-1,-1,-1,-1,-1,-1,-1,-1,-1,-1,-1,-1,-1,-1,-1,-1,-1,-1,-1,-1,-1,-1,-1,-1,-1,-1,-1,-1,-1,0,1,2,3,4,0,1,2,3,4,5,6,7,8,9,10,11,0,1,2,3,4,5,6,7,8,9,10,11,12,13,0,1,2,3,4,0,1,2,3,4,5,6,7,8,9,10,11,12,13,14,15,16,17,18,19,0,1,2,3,4,5,0,1,2,0,1,2,3,0,1,2
SM-02C,-1,-1,-1,-1,-1,-1,-1,-1,-1,-1,-1,-1,-1,-1,-1,-1,-1,-1,-1,-1,-1,-1,-1,-1,-1,-1,-1,-1,-1,-1,-1,-1,-1,-1,-1,-1,-1,-1,-1,-1,-1,-1,-1,-1,-1,-1,-1,-1,-1,0,1,2,3,4,0,1,2,3,4,5,6,7,0,1,2,3,0,1,2,3,4,5,6,7,8,9,10,11,12,13,0,1,2,3,4,0,1,2,3,0,1,2,3,4,5,6,7,8,9,10,11,12,13,14,15,0,1,2,3,4,5,0,1,2,0,1,2,3,0,1,2
SM-03,-1,0,1,2,3,0,1,2,3,4,0,1,2,3,0,1,2,3,4,0,1,2,0,1,2,3,4,0,1,2,3,4,5,0,1,2,0,1,2,3,0,1,2,3,4,5,6,7,8,9,10,11,12,13,0,1,2,3,0,1,2,0,1,2,3,4,0,1,2,3,4,0,1,2,3,4,5,6,7,8,0,1,2,3,4,0,1,2,3,4,0,1,0,1,2,3,4,5,6,7,8,9,10,11,12,13,0,1,2,3,4,0,1,2,3,0,1,2,3,0,1
SM-03A,-1,-1,-1,-1,-1,-1,-1,-1,-1,-1,-1,-1,-1,-1,-1,-1,-1,-1,-1,-1,-1,-1,-1,-1,-1,-1,-1,-1,-1,-1,-1,-1,-1,-1,-1,-1,-1,-1,-1,-1,-1,-1,-1,-1,-1,-1,-1,-1,-1,-1,-1,-1,-1,-1,-1,-1,-1,-1,-1,-1,-1,0,1,2,3,4,0,1,2,3,4,0,1,2,3,4,5,6,7,8,0,1,2,3,4,0,1,2,3,4,0,1,0,1,2,3,4,5,6,7,8,9,10,11,12,13,0,1,2,3,4,0,1,2,3,0,1,2,3,0,1
SM-03B,-1,-1,-1,-1,-1,-1,-1,-1,-1,-1,-1,-1,-1,-1,-1,-1,-1,-1,-1,-1,-1,-1,-1,-1,-1,-1,-1,-1,-1,-1,-1,-1,-1,-1,-1,-1,-1,-1,-1,-1,-1,-1,-1,-1,-1,-1,-1,-1,-1,-1,-1,-1,-1,-1,0,1,2,3,4,5,6,0,0,1,2,3,0,1,2,3,4,0,1,2,3,4,5,6,7,8,0,1,2,3,4,0,1,2,3,4,0,1,0,1,2,3,4,5,6,7,8,9,10,11,12,13,0,1,2,3,4,0,1,2,3,0,1,2,3,0,1
SM-03C,-1,-1,-1,-1,-1,-1,-1,-1,-1,-1,-1,-1,-1,-1,-1,-1,-1,-1,-1,-1,-1,-1,-1,-1,-1,-1,-1,-1,-1,-1,-1,-1,-1,-1,-1,-1,-1,-1,-1,-1,-1,-1,-1,-1,-1,-1,-1,-1,-1,-1,-1,-1,-1,-1,0,1,2,3,4,5,6,0,1,2,3,4,0,1,2,3,4,0,1,2,3,4,5,6,7,8,0,1,2,3,4,0,1,2,3,4,0,1,0,1,2,3,4,5,6,7,8,9,10,11,12,13,0,1,2,3,4,0,1,2,3,0,1,2,3,0,1
SM-04,0,1,2,3,0,1,2,3,4,0,1,2,3,0,1,2,3,4,5,0,1,2,0,1,2,3,4,5,6,7,8,9,0,1,2,3,4,0,1,2,0,1,2,3,4,5,6,7,8,9,10,11,12,13,0,1,2,3,0,1,2,3,0,1,2,0,1,2,3,4,5,6,0,1,2,3,4,5,6,7,0,1,2,3,4,5,6,7,8,0,1,2,3,4,5,6,7,8,9,10,11,12,13,14,15,0,1,2,3,4,5,0,1,2,0,1,2,3,0,1,2
SM-04A,-1,-1,-1,-1,-1,-1,-1,-1,-1,-1,-1,-1,-1,-1,-1,-1,-1,-1,-1,-1,-1,-1,-1,-1,-1,-1,-1,-1,-1,-1,-1,-1,-1,-1,-1,-1,-1,-1,-1,-1,-1,-1,-1,-1,-1,-1,-1,-1,-1,-1,-1,-1,-1,-1,-1,-1,-1,-1,-1,-1,-1,-1,0,1,2,0,1,2,3,4,5,6,7,0,1,2,3,4,5,6,0,1,2,3,4,5,6,7,8,0,1,2,3,4,5,6,7,8,9,10,11,12,13,14,15,0,1,2,3,4,5,0,1,2,0,1,2,3,0,1,2
SM-04B,-1,-1,-1,-1,-1,-1,-1,-1,-1,-1,-1,-1,-1,-1,-1,-1,-1,-1,-1,-1,-1,-1,-1,-1,-1,-1,-1,-1,-1,-1,-1,-1,-1,-1,-1,-1,-1,-1,-1,-1,-1,-1,-1,-1,-1,-1,-1,-1,-1,-1,-1,-1,-1,-1,-1,-1,-1,-1,-1,-1,-1,-1,0,1,2,0,1,2,3,4,5,6,0,1,2,3,4,5,6,7,0,1,2,3,4,5,6,7,8,0,1,2,3,4,5,6,7,8,9,10,11,12,13,14,15,0,1,2,3,4,5,0,1,2,0,1,2,3,0,1,2
SM-04C,-1,-1,-1,-1,-1,-1,-1,-1,-1,-1,-1,-1,-1,-1,-1,-1,-1,-1,-1,-1,-1,-1,-1,-1,-1,-1,-1,-1,-1,-1,-1,-1,-1,-1,-1,-1,-1,-1,-1,-1,-1,-1,-1,-1,-1,-1,-1,-1,-1,-1,-1,-1,-1,-1,-1,-1,-1,-1,-1,-1,-1,-1,0,1,2,0,1,2,3,4,5,6,0,1,2,3,4,5,6,7,0,1,2,3,4,5,6,7,8,0,1,2,3,4,5,6,7,8,9,10,11,12,13,14,15,0,1,2,3,4,5,0,1,2,0,1,2,3,0,1,2
SM-05,-1,0,1,2,3,0,1,2,3,4,0,1,2,3,0,1,2,3,4,0,1,2,0,1,2,3,4,5,6,7,8,9,0,1,2,3,4,5,0,1,0,1,2,3,4,5,6,7,8,9,10,11,12,0,1,2,3,0,1,2,3,4,5,0,1,2,3,0,1,2,3,4,5,6,7,0,1,2,3,4,0,1,2,3,4,0,1,2,3,4,5,6,7,8,9,10,11,12,13,14,15,16,17,18,19,20,0,1,2,3,4,0,1,0,1,2,3,4,5,6,0
SM-05A,-1,-1,-1,-1,-1,-1,-1,-1,-1,-1,-1,-1,-1,-1,-1,-1,-1,-1,-1,-1,-1,-1,-1,-1,-1,-1,-1,-1,-1,-1,-1,-1,-1,-1,-1,-1,-1,-1,-1,-1,-1,-1,-1,-1,-1,-1,-1,-1,-1,-1,-1,-1,-1,-1,-1,-1,-1,0,1,2,3,4,5,0,1,2,3,0,1,2,3,4,5,6,7,0,1,2,3,4,0,1,2,3,4,0,1,2,3,4,5,6,7,8,9,10,11,12,13,14,15,16,17,18,19,20,0,1,2,3,4,0,1,0,1,2,3,4,5,6,0
SM-05B,-1,-1,-1,-1,-1,-1,-1,-1,-1,-1,-1,-1,-1,-1,-1,-1,-1,-1,-1,-1,-1,-1,-1,-1,-1,-1,-1,-1,-1,-1,-1,-1,-1,-1,-1,-1,-1,-1,-1,-1,-1,-1,-1,-1,-1,-1,-1,-1,-1,-1,-1,-1,-1,-1,-1,-1,-1,0,1,2,3,4,5,0,1,2,3,0,1,2,3,4,5,6,7,0,1,2,3,4,0,1,2,3,4,0,1,2,3,4,5,6,7,8,9,10,11,12,13,14,15,16,17,18,19,20,0,1,2,3,4,0,1,0,1,2,3,4,5,6,0
SM-05C,-1,-1,-1,-1,-1,-1,-1,-1,-1,-1,-1,-1,-1,-1,-1,-1,-1,-1,-1,-1,-1,-1,-1,-1,-1,-1,-1,-1,-1,-1,-1,-1,-1,-1,-1,-1,-1,-1,-1,-1,-1,-1,-1,-1,-1,-1,-1,-1,-1,-1,-1,-1,-1,-1,-1,-1,-1,0,1,2,3,4,5,0,1,2,3,0,1,2,3,4,5,6,7,0,1,2,3,4,0,1,2,3,4,0,1,2,3,4,5,6,7,8,9,10,11,12,13,14,15,16,17,18,19,20,0,1,2,3,4,0,1,0,1,2,3,4,5,5,0
SM-06,-1,0,1,2,3,0,1,2,3,4,0,1,2,0,1,2,3,4,5,0,1,2,0,1,2,3,4,0,1,2,3,4,5,0,1,2,0,1,2,3,0,1,2,3,4,5,6,7,8,9,10,11,12,13,0,1,2,3,0,1,2,0,1,2,3,4,0,1,2,3,4,0,1,2,3,4,5,6,7,8,0,1,2,3,4,0,1,2,3,4,0,1,0,1,2,3,4,5,6,7,8,9,10,11,12,13,0,1,2,3,4,0,1,2,3,4,5,6,7,0,1
SM-06A,-1,-1,-1,-1,-1,-1,-1,-1,-1,-1,-1,-1,-1,-1,-1,-1,-1,-1,-1,-1,-1,-1,-1,-1,-1,-1,-1,-1,-1,-1,-1,-1,-1,-1,-1,-1,-1,-1,-1,-1,-1,-1,-1,-1,-1,-1,-1,-1,-1,-1,-1,-1,-1,-1,-1,-1,-1,-1,0,1,2,0,1,2,3,4,0,1,2,3,4,0,1,2,3,4,5,6,7,8,0,1,2,3,4,0,1,2,3,4,0,1,0,1,2,3,4,5,6,7,8,9,10,11,12,13,0,1,2,3,4,0,1,2,3,4,5,6,7,0,1
SM-06B,-1,-1,-1,-1,-1,-1,-1,-1,-1,-1,-1,-1,-1,-1,-1,-1,-1,-1,-1,-1,-1,-1,-1,-1,-1,-1,-1,-1,-1,-1,-1,-1,-1,-1,-1,-1,-1,-1,-1,-1,-1,-1,-1,-1,-1,-1,-1,-1,-1,-1,-1,-1,-1,-1,-1,-1,-1,-1,0,1,2,0,1,2,3,4,0,1,2,3,4,0,1,2,3,4,5,6,7,8,0,1,2,3,4,0,1,2,3,4,0,1,0,1,2,3,4,5,6,7,8,9,10,11,12,13,0,1,2,3,4,0,1,2,3,0,1,2,3,0,1
SM-06C,-1,-1,-1,-1,-1,-1,-1,-1,-1,-1,-1,-1,-1,-1,-1,-1,-1,-1,-1,-1,-1,-1,-1,-1,-1,-1,-1,-1,-1,-1,-1,-1,-1,-1,-1,-1,-1,-1,-1,-1,-1,-1,-1,-1,-1,-1,-1,-1,-1,-1,-1,-1,-1,-1,-1,-1,-1,-1,0,1,2,0,1,2,3,4,0,1,2,3,4,0,1,2,3,4,5,6,7,8,0,1,2,3,4,0,1,2,3,4,0,1,0,1,2,3,4,5,6,7,8,9,10,11,12,13,0,1,2,3,4,0,1,2,3,0,1,2,3,0,1
SM-07,-1,0,1,2,3,0,1,2,3,4,0,1,2,3,0,1,2,3,4,0,1,2,0,1,2,3,4,5,6,7,8,9,0,1,2,3,4,5,0,1,0,1,2,3,4,5,6,7,8,9,10,11,12,0,1,2,3,4,0,1,2,3,0,1,2,3,4,0,1,2,3,4,5,6,7,0,1,2,3,4,0,1,2,3,4,0,1,2,3,4,5,6,7,8,9,10,11,12,13,14,15,16,17,18,19,20,0,1,2,3,4,0,1,2,0,1,2,3,4,5,0
SM-07A,-1,-1,-1,-1,-1,-1,-1,-1,-1,-1,-1,-1,-1,-1,-1,-1,-1,-1,-1,-1,-1,-1,-1,-1,-1,-1,-1,-1,-1,-1,-1,-1,-1,-1,-1,-1,-1,-1,-1,-1,-1,-1,-1,-1,-1,-1,-1,-1,-1,-1,-1,-1,-1,-1,-1,-1,-1,-1,0,1,2,3,0,1,2,3,4,0,1,2,3,4,5,6,7,0,1,2,3,4,0,1,2,3,4,0,1,2,3,4,5,6,7,8,9,10,11,12,13,14,15,16,17,18,19,20,0,1,2,3,4,0,1,0,1,2,3,4,5,6,0
SM-07B,-1,-1,-1,-1,-1,-1,-1,-1,-1,-1,-1,-1,-1,-1,-1,-1,-1,-1,-1,-1,-1,-1,-1,-1,-1,-1,-1,-1,-1,-1,-1,-1,-1,-1,-1,-1,-1,-1,-1,-1,-1,-1,-1,-1,-1,-1,-1,-1,-1,-1,-1,-1,-1,-1,-1,-1,-1,-1,0,1,2,3,0,1,2,3,4,0,1,2,3,4,5,6,7,0,1,2,3,4,0,1,2,3,4,0,1,2,3,4,5,6,7,8,9,10,11,12,13,14,15,16,17,18,19,20,0,1,2,3,4,0,1,0,1,2,3,4,5,6,0
SM-07C,-1,-1,-1,-1,-1,-1,-1,-1,-1,-1,-1,-1,-1,-1,-1,-1,-1,-1,-1,-1,-1,-1,-1,-1,-1,-1,-1,-1,-1,-1,-1,-1,-1,-1,-1,-1,-1,-1,-1,-1,-1,-1,-1,-1,-1,-1,-1,-1,-1,-1,-1,-1,-1,-1,-1,-1,-1,-1,0,1,2,3,0,1,2,3,4,0,1,2,3,4,5,6,7,0,1,2,3,4,0,1,2,3,4,0,1,2,3,4,5,6,7,8,9,10,11,12,13,14,15,16,17,18,19,20,0,1,2,3,4,0,1,0,1,2,3,4,5,6,0
SM-08,-1,-1,-1,-1,-1,-1,-1,-1,0,1,0,1,2,3,0,1,2,3,4,5,0,1,0,1,2,3,4,5,6,7,8,9,10,11,12,13,14,15,16,17,18,19,20,21,22,23,24,25,26,27,28,29,30,31,32,33,34,0,1,2,3,4,0,1,2,3,4,0,1,2,3,4,5,6,7,8,9,10,11,12,0,1,2,3,4,5,6,7,8,9,10,11,12,13,14,15,16,17,18,19,20,21,22,23,24,25,26,27,28,29,30,31,0,0,1,2,3,4,5,6,7
SM-08A,-1,-1,-1,-1,-1,-1,-1,-1,-1,-1,-1,-1,-1,-1,-1,-1,-1,-1,-1,-1,-1,-1,-1,-1,-1,-1,-1,-1,-1,-1,-1,-1,-1,-1,-1,-1,-1,-1,-1,-1,-1,-1,-1,-1,-1,-1,-1,-1,-1,-1,-1,-1,-1,-1,-1,-1,-1,0,1,2,3,4,0,1,2,3,4,0,1,2,3,4,5,6,7,8,9,10,11,12,0,1,2,3,4,5,6,7,8,9,10,11,12,13,14,15,16,17,18,19,20,21,22,23,24,25,26,27,28,29,30,31,0,0,1,2,3,4,5,6,7
SM-08B,-1,-1,-1,-1,-1,-1,-1,-1,-1,-1,-1,-1,-1,-1,-1,-1,-1,-1,-1,-1,-1,-1,-1,-1,-1,-1,-1,-1,-1,-1,-1,-1,-1,-1,-1,-1,-1,-1,-1,-1,-1,-1,-1,-1,-1,-1,-1,-1,-1,-1,-1,-1,-1,-1,-1,-1,-1,0,1,2,3,4,0,1,2,3,4,0,1,2,3,4,5,6,7,8,9,10,11,12,0,1,2,3,4,5,6,7,8,9,10,11,12,13,14,15,16,17,18,19,20,21,22,23,24,25,26,27,28,29,30,31,0,0,1,2,3,4,5,6,7
SM-08C,-1,-1,-1,-1,-1,-1,-1,-1,-1,-1,-1,-1,-1,-1,-1,-1,-1,-1,-1,-1,-1,-1,-1,-1,-1,-1,-1,-1,-1,-1,-1,-1,-1,-1,-1,-1,-1,-1,-1,-1,-1,-1,-1,-1,-1,-1,-1,-1,-1,-1,-1,-1,-1,-1,-1,-1,-1,0,1,2,3,4,0,1,2,3,4,0,1,2,3,4,5,6,7,8,9,10,11,12,0,1,2,3,4,5,6,7,8,9,10,11,12,13,14,15,16,17,18,19,20,21,22,23,24,25,26,27,28,29,30,31,0,0,1,2,3,4,5,6,7
SM-09,-1,-1,-1,-1,-1,-1,-1,-1,0,1,0,1,2,3,0,1,2,3,4,0,1,2,0,1,2,3,4,5,6,7,8,9,0,1,2,3,4,0,1,2,0,1,2,3,4,5,6,7,8,9,10,11,12,0,1,2,3,0,1,2,3,4,0,1,2,3,4,0,1,2,3,4,0,1,2,3,4,5,6,7,0,1,2,3,4,5,6,7,8,9,10,11,12,13,14,15,16,17,18,19,20,21,22,23,24,25,0,1,2,3,4,0,1,0,1,2,3,4,5,6,0
SM-09A,-1,-1,-1,-1,-1,-1,-1,-1,-1,-1,-1,-1,-1,-1,-1,-1,-1,-1,-1,-1,-1,-1,-1,-1,-1,-1,-1,-1,-1,-1,-1,-1,-1,-1,-1,-1,-1,-1,-1,-1,-1,-1,-1,-1,-1,-1,-1,-1,-1,-1,-1,-1,-1,-1,-1,-1,-1,0,1,2,3,4,0,1,2,3,4,0,1,2,3,4,0,1,2,3,4,5,6,7,0,1,2,3,4,5,6,7,8,9,10,11,12,13,14,15,16,17,18,19,20,21,22,23,24,25,0,1,2,3,4,0,1,0,1,2,3,4,5,6,0
SM-09B,-1,-1,-1,-1,-1,-1,-1,-1,-1,-1,-1,-1,-1,-1,-1,-1,-1,-1,-1,-1,-1,-1,-1,-1,-1,-1,-1,-1,-1,-1,-1,-1,-1,-1,-1,-1,-1,-1,-1,-1,-1,-1,-1,-1,-1,-1,-1,-1,-1,-1,-1,-1,-1,-1,-1,-1,-1,0,1,2,3,4,0,1,2,3,4,0,1,2,3,4,0,1,2,3,4,5,6,7,0,1,2,3,4,5,6,7,8,9,10,11,12,13,14,15,16,17,18,19,20,21,22,23,24,25,0,1,2,3,4,0,1,0,1,2,3,4,5,6,0
SM-09C,-1,-1,-1,-1,-1,-1,-1,-1,-1,-1,-1,-1,-1,-1,-1,-1,-1,-1,-1,-1,-1,-1,-1,-1,-1,-1,-1,-1,-1,-1,-1,-1,-1,-1,-1,-1,-1,-1,-1,-1,-1,-1,-1,-1,-1,-1,-1,-1,-1,-1,-1,-1,-1,-1,-1,-1,-1,0,1,2,3,4,0,1,2,3,4,0,1,2,3,4,0,1,2,3,4,5,6,7,0,1,2,3,4,5,6,7,8,9,10,11,12,13,14,15,16,17,18,19,20,21,22,23,24,25,0,1,2,3,4,0,1,0,1,2,3,4,5,6,0
SM-PG,-1,-1,-1,-1,-1,-1,-1,-1,-1,-1,-1,-1,-1,-1,-1,-1,-1,-1,-1,-1,-1,-1,0,1,2,3,4,0,1,2,3,4,0,1,2,3,0,1,2,3,4,5,0,1,2,3,0,1,2,0,1,2,3,0,1,2,3,4,5,6,7,8,9,0,1,2,0,1,2,3,4,5,0,1,2,3,4,5,6,7,0,1,2,3,0,1,2,3,4,0,1,2,0,1,2,3,4,5,6,7,8,9,10,11,12,13,0,1,2,0,1,2,3,0,1,2,3,0,1,2,3
